company,title,location,url,date_posted,date_found,status,hash
Vercel,"Product Manager - Agent PlatformHybrid - New York City, San FranciscoRead more","New York City, San",https://vercel.com/careers/product-manager-agent-platform-5808590004,Unknown,2026-02-20,active,21650a5035f8
Vercel,"Product Manager - DashboardHybrid - New York City, San FranciscoRead more","New York City, San",https://vercel.com/careers/product-manager-dashboard-5808592004,Unknown,2026-02-20,active,153a232ee10a
OpenAI,"Product Manager, Core Identity",San Francisco,https://jobs.ashbyhq.com/openai/44bfed8b-dd34-40c9-a807-67637b9d4335,Unknown,2026-02-20,active,62bede333c19
Anthropic,"Product Manager, Compute PlatformNewSan Francisco, CA | New York City, NY | Seattle, WA",Unknown,https://job-boards.greenhouse.io/anthropic/jobs/5124623008,Unknown,2026-02-20,active,4fb3cab0946f
Anthropic,"Product Management, ResearchNewSan Francisco, CA | New York City, NY",Unknown,https://job-boards.greenhouse.io/anthropic/jobs/5123082008,Unknown,2026-02-18,active,93f497a3c6ac
Stripe,"Product Manager, Bank Transfers","Product Manager, Bank",https://stripe.com/jobs/listing/product-manager-bank-transfers/7597819,Unknown,2026-02-12,active,d65f79039de8
Anthropic,"Product Manager, Safeguards (Beneficial Deployments)San Francisco, CA",Unknown,https://job-boards.greenhouse.io/anthropic/jobs/5097490008,Unknown,2026-02-11,active,e796209d23df
Anthropic,"Product Manager, Safeguards (Privacy)San Francisco, CA",Unknown,https://job-boards.greenhouse.io/anthropic/jobs/5097486008,Unknown,2026-02-11,active,d5d8a227b144
Stripe,"Product Manager, Fraud Risk / AML, Bridge","Product Manager,  Fraud",https://stripe.com/jobs/listing/product-manager-fraud-risk-aml-bridge/7599875,Unknown,2026-02-10,active,1c3106a868d4
Stripe,"Product Manager, Commerce Systems","Product Manager, Commerce",https://stripe.com/jobs/listing/product-manager-commerce-systems/7561551,Unknown,2026-02-07,active,e789a9b17703
Anthropic,"Product Manager, Safeguards (Beneficial Deployments)tags.newSan Francisco, CA",Unknown,https://job-boards.greenhouse.io/anthropic/jobs/5097490008,Unknown,2026-02-07,active,d1e6b00a83d0
Anthropic,"Product Manager, Safeguards (Privacy)tags.newSan Francisco, CA",Unknown,https://job-boards.greenhouse.io/anthropic/jobs/5097486008,Unknown,2026-02-07,active,880f3e17238f
Anthropic,"Product Manager, Safeguards (Beneficial Deployments)NewSan Francisco, CA",Unknown,https://job-boards.greenhouse.io/anthropic/jobs/5097490008,Unknown,2026-02-06,active,df0129b2d23d
Anthropic,"Product Manager, Safeguards (Beneficial Deployment)NewSan Francisco, CA",Unknown,https://job-boards.greenhouse.io/anthropic/jobs/5097490008,Unknown,2026-02-04,active,e6d741c33177
Anthropic,"Product Manager, Safeguards (Privacy)NewSan Francisco, CA",Unknown,https://job-boards.greenhouse.io/anthropic/jobs/5097486008,Unknown,2026-02-04,active,4079a228b5d9
Anthropic,"Product Lead, HealthcareSan Francisco, CA | New York City, NY",Unknown,https://job-boards.greenhouse.io/anthropic/jobs/4961007008,Unknown,2026-02-03,active,c1bdb6f0287c
Anthropic,"Research Product Manager, LabsSan Francisco, CA | New York City, NY",Unknown,https://job-boards.greenhouse.io/anthropic/jobs/5096878008,Unknown,2026-02-03,active,a83001997546
Anthropic,"Research Product Manager, Model BehaviorsSan Francisco, CA | New York City, NY",Unknown,https://job-boards.greenhouse.io/anthropic/jobs/5097067008,Unknown,2026-02-03,active,977c346849b9
Stripe,"Product Manager, Payments Intelligence","Product Manager, Payments",https://stripe.com/jobs/listing/product-manager-payments-intelligence/7580706,Unknown,2026-01-31,active,1bd1f50d51ca
Anthropic,"Product Manager, Revenue PlatformNew York City, NY; Remote-Friendly (Travel Required) | San Francisco, CA; San Francisco, CA; Seattle, WA",Unknown,https://job-boards.greenhouse.io/anthropic/jobs/5077197008,Unknown,2026-01-31,active,a269fbaee188
Stripe,"Product Manager, Financial Connections â€” Merchant Experience","Product Manager, Financial",https://stripe.com/jobs/listing/product-manager-financial-connections-merchant-experience/7556049,Unknown,2026-01-30,active,3333b7d2a54e
Anthropic,"Research Product ManagerSan Francisco, CA | New York City, NY",Unknown,https://job-boards.greenhouse.io/anthropic/jobs/4933792008,Unknown,2026-01-30,active,dc8cab8bc35f
Stripe,"Product Manager, Banking as a Service","Product Manager, Banking",https://stripe.com/jobs/listing/product-manager-banking-as-a-service/7561053,Unknown,2026-01-29,active,c9209d32eced
OpenAI,"Product Manager, Private Computing & Encryption",San Francisco,https://jobs.ashbyhq.com/openai/4a9ce666-e362-4f76-8089-8af255d48398,Unknown,2026-01-29,active,61c952c04b5f
Anthropic,"Product Manager, Revenue Platformtags.newNew York City, NY; Remote-Friendly (Travel Required) | San Francisco, CA; San Francisco, CA; Seattle, WA",Unknown,https://job-boards.greenhouse.io/anthropic/jobs/5077197008,Unknown,2026-01-29,active,938243a34e34
Anthropic,"Research Product Manager, Labstags.newSan Francisco, CA | New York City, NY",Unknown,https://job-boards.greenhouse.io/anthropic/jobs/5096878008,Unknown,2026-01-29,active,9b56344fd543
Anthropic,"Research Product Manager, Model Behaviorstags.newSan Francisco, CA | New York City, NY",Unknown,https://job-boards.greenhouse.io/anthropic/jobs/5097067008,Unknown,2026-01-29,active,e103be64d70f
Stripe,"Product Manager, AMER Cards","Product Manager, AMER",https://stripe.com/jobs/listing/product-manager-amer-cards/7568269,Unknown,2026-01-28,active,686ea21eb6b2
Vercel,"Director, Product FoundationsHybrid - San FranciscoRead more","Director, Product",https://vercel.com/careers/director-product-foundations-5781036004,Unknown,2026-01-27,active,d9e263b33091
Anthropic,"Research Product Manager, LabsNewSan Francisco, CA | New York City, NY",Unknown,https://job-boards.greenhouse.io/anthropic/jobs/5096878008,Unknown,2026-01-27,active,87ef47d071fb
Anthropic,"Research Product Manager, Model BehaviorsNewSan Francisco, CA | New York City, NY",Unknown,https://job-boards.greenhouse.io/anthropic/jobs/5097067008,Unknown,2026-01-27,active,8f1fca6e34e5
Vercel,"Director, Product CounselingHybrid - San FranciscoRead more","Director, Product",https://vercel.com/careers/director-product-counseling-5691965004,Unknown,2026-01-26,active,c1688b2c645a
OpenAI,"Product Manager, API Model Behavior",San Francisco - Hybrid,https://jobs.ashbyhq.com/openai/9c7a4984-4367-425c-8a8b-87dad1fbb596,Unknown,2026-01-24,active,aa22967b50e5
Anthropic,"Product Manager, Revenue PlatformNewNew York City, NY; Remote-Friendly (Travel Required) | San Francisco, CA; San Francisco, CA; Seattle, WA",Unknown,https://job-boards.greenhouse.io/anthropic/jobs/5077197008,Unknown,2026-01-24,active,101d31315c87
Stripe,"Product Manager, ML Foundations and GenAI","Product Manager, ML",https://stripe.com/jobs/listing/product-manager-ml-foundations-and-genai/7517535,Unknown,2026-01-22,active,0a8a6d765e18
Vercel,"Product Lead, v0Hybrid - San FranciscoRead more",San Francisco,https://vercel.com/careers/product-lead-v0-5777374004,Unknown,2026-01-22,active,fff39749ecef
OpenAI,Enterprise Product Manager - Financials,San Francisco,https://jobs.ashbyhq.com/openai/738a2a0b-389a-4c38-977f-c794e798b147,Unknown,2026-01-17,active,bea18dad634a
OpenAI,PM - Finance Transformation,San Francisco,https://jobs.ashbyhq.com/openai/39313583-f388-44c2-a1dd-ae94075643bd,Unknown,2026-01-16,active,3d41c9487236
Stripe,"Product Manager, Stripe Infrastructure","Product Manager, Stripe",https://stripe.com/jobs/listing/product-manager-stripe-infrastructure/6651889,Unknown,2026-01-07,active,1224d46748c7
Figma,"Director, Product Marketing","Director, Product",https://boards.greenhouse.io/figma/jobs/5732415004?gh_jid=5732415004,Unknown,2026-01-06,active,aa1394d16bca
Stripe,"Product Manager, Bridge","Product Manager, Bridge",https://stripe.com/jobs/listing/product-manager-bridge/7453988,Unknown,2026-01-01,active,121ce14ca2a4
Anthropic,"Product Lead, ConsumerSan Francisco, CA | New York City, NY",Unknown,https://job-boards.greenhouse.io/anthropic/jobs/5042055008,Unknown,2025-12-26,active,a9dd20852f55
Anthropic,"Product Lead, ConsumerNewSan Francisco, CA | New York City, NY",Unknown,https://job-boards.greenhouse.io/anthropic/jobs/5042055008,Unknown,2025-12-21,active,341663c5d8cd
Stripe,"Product Manager, Local Payment Methods EMEA","Product Manager, Local",https://stripe.com/jobs/listing/product-manager-local-payment-methods-emea/7486955,Unknown,2025-12-20,active,5e69dc9ee063
Anthropic,"Product Lead, Consumertags.newSan Francisco, CA | New York City, NY",Unknown,https://job-boards.greenhouse.io/anthropic/jobs/5042055008,Unknown,2025-12-19,active,c28d747a4dab
Anthropic,"Product Manager, Claude Code GrowthSan Francisco, CA | New York City, NY | Seattle, WA",Unknown,https://job-boards.greenhouse.io/anthropic/jobs/5024981008,Unknown,2025-12-17,active,855cf46d265d
Stripe,"Product Manager, Risk UX","Product Manager, Risk",https://stripe.com/jobs/listing/product-manager-risk-ux/7407030,Unknown,2025-12-11,active,8190caaacb8f
OpenAI,"Product Manager, Integrity","London, UK - Hybrid",https://jobs.ashbyhq.com/openai/11ef39d5-d230-414b-9f3e-a0624efa5b11,Unknown,2025-12-11,active,8ca1463b54e8
Anthropic,"Product Manager, Claude Code Growthtags.newSan Francisco, CA | New York City, NY | Seattle, WA",Unknown,https://job-boards.greenhouse.io/anthropic/jobs/5024981008,Unknown,2025-12-11,active,d6f3022c16d6
Anthropic,"Product Manager, Claude Code GrowthNewSan Francisco, CA | New York City, NY | Seattle, WA",Unknown,https://job-boards.greenhouse.io/anthropic/jobs/5024981008,Unknown,2025-12-10,active,f91d22358522
Stripe,"Product Manager, Cards Pricing","Product Manager, Cards",https://stripe.com/jobs/listing/product-manager-cards-pricing/7435001,Unknown,2025-12-02,active,e1f1f1e1929c
Stripe,"Product Manager, Invoicing","Product Manager, Invoicing",https://stripe.com/jobs/listing/product-manager-invoicing/7424448,Unknown,2025-11-26,active,ead208b4fe41
Anthropic,"Product Manager, Agent Platform (MCP)San Francisco, CA | New York City, NY",Unknown,https://job-boards.greenhouse.io/anthropic/jobs/4978689008,Unknown,2025-11-26,active,a27f6aaeccdb
Stripe,"Product Manager, Terminal Device Expansion","Product Manager, Terminal",https://stripe.com/jobs/listing/product-manager-terminal-device-expansion/7397265,Unknown,2025-11-22,active,8f0431b88eda
Anthropic,"Product Manager, Agent PlatformSan Francisco, CA | New York City, NY",Unknown,https://job-boards.greenhouse.io/anthropic/jobs/4978689008,Unknown,2025-11-21,active,97b3013cb9d5
OpenAI,"Product Manager, Enterprise Platform",San Francisco,https://jobs.ashbyhq.com/openai/225bc20d-8c6b-4ad1-9ec3-b50929531b67,Unknown,2025-11-20,active,ddfebe85502b
Anthropic,"Product Manager, Claude CodeSan Francisco, CA | Seattle, WA",Unknown,https://job-boards.greenhouse.io/anthropic/jobs/4985920008,Unknown,2025-11-20,active,9fa300406ad6
OpenAI,"Product Manager, Data Platform",San Francisco,https://jobs.ashbyhq.com/openai/62762da5-4d32-4851-8568-489d3bf14e31,Unknown,2025-11-19,active,0aceeef9f056
Anthropic,"Product Manager, Agent Platformtags.newSan Francisco, CA | New York City, NY",Unknown,https://job-boards.greenhouse.io/anthropic/jobs/4978689008,Unknown,2025-11-18,active,dd3801f5150e
Anthropic,"Product Manager, Claude Codetags.newSan Francisco, CA | Seattle, WA",Unknown,https://job-boards.greenhouse.io/anthropic/jobs/4985920008,Unknown,2025-11-18,active,d7d07606dd2b
Anthropic,"Product Manager, Agent PlatformNewSan Francisco, CA | New York City, NY",Unknown,https://job-boards.greenhouse.io/anthropic/jobs/4978689008,Unknown,2025-11-14,active,de39ead12bc0
Figma,"Product Manager, Sites","Product Manager, Sites",https://boards.greenhouse.io/figma/jobs/5701839004?gh_jid=5701839004,Unknown,2025-11-13,active,0a525ff439c8
Anthropic,"Product Manager, Claude CodeNewSan Francisco, CA | Seattle, WA",Unknown,https://job-boards.greenhouse.io/anthropic/jobs/4985920008,Unknown,2025-11-13,active,fb7522e10c1d
Figma,"Product Manager, Growth","Product Manager, Growth",https://boards.greenhouse.io/figma/jobs/5693075004?gh_jid=5693075004,Unknown,2025-11-11,active,5faa7388cd50
OpenAI,"Product Manager, IT",San Francisco - Hybrid,https://jobs.ashbyhq.com/openai/576c413a-ed95-49ff-a857-da6a03676277,Unknown,2025-11-11,active,13b5a2f3bf5f
Stripe,"Product Manager, Events, Webhooks, & Remote Functions","Product Manager, Events",https://stripe.com/jobs/listing/product-manager-events-webhooks-remote-functions/7378694,Unknown,2025-11-07,active,f8045096dc54
Stripe,"Product Manager, Events, Webhooks, & Remote Function","Product Manager, Events",https://stripe.com/jobs/listing/product-manager-events-webhooks-remote-function/7378694,Unknown,2025-11-06,active,083f3c1dddee
Figma,"Product Manager, CMS","Product Manager, CMS",https://boards.greenhouse.io/figma/jobs/5694470004?gh_jid=5694470004,Unknown,2025-11-06,active,ba66db1ba42e
OpenAI,"Product Manager, Safety Systems",San Francisco,https://jobs.ashbyhq.com/openai/f6c971e8-453f-4fd1-acc8-aa57e8bd4007,Unknown,2025-11-06,active,872db94a5978
OpenAI,"Product Manager, Model Behavior ",San Francisco,https://jobs.ashbyhq.com/openai/398a407e-a558-4488-a6b9-2e952b6e5124,Unknown,2025-11-04,active,ff5b755463b0
Stripe,"Product Manager, Financial Connections - Bank Connectivity","Product Manager, Financial",https://stripe.com/jobs/listing/product-manager-financial-connections-bank-connectivity/7371363,Unknown,2025-11-01,active,962844e05e6c
Stripe,"Product Manager, Financial Connections - Merchant Experience","Product Manager, Financial",https://stripe.com/jobs/listing/product-manager-financial-connections-merchant-experience/7361367,Unknown,2025-11-01,active,e3825e36f48c
OpenAI,"Product Manager, Ecosystem",San Francisco,https://jobs.ashbyhq.com/openai/0daee135-d14b-46b7-8b1b-13337d91828d,Unknown,2025-11-01,active,f28758a21243
Anthropic,"Product Manager, Claude GrowthSan Francisco, CA | New York City, NY | Seattle, WA",Unknown,https://job-boards.greenhouse.io/anthropic/jobs/4963513008,Unknown,2025-10-31,active,5a3d887a91cf
Figma,"Product Manager, Buzz","Product Manager, Buzz",https://boards.greenhouse.io/figma/jobs/5690625004?gh_jid=5690625004,Unknown,2025-10-30,active,ff4ff333715b
OpenAI,"Product Manager, ChatGPT for Work",San Francisco,https://jobs.ashbyhq.com/openai/f3b8b3bc-8b29-49d9-9a20-5e252c97afe3,Unknown,2025-10-30,active,9a317fb00d1f
Stripe,"Product Manager, Compliance Platform","Product Manager, Compliance",https://stripe.com/jobs/listing/product-manager-compliance-platform/7363602,Unknown,2025-10-29,active,4a66b1d3a7bf
Figma,"Director, Product Counsel","Director, Product",https://boards.greenhouse.io/figma/jobs/5684545004?gh_jid=5684545004,Unknown,2025-10-24,active,1e711536e0d6
Anthropic,"Product Manager, Claude GrowthNewSan Francisco, CA | New York City, NY | Seattle, WA",Unknown,https://job-boards.greenhouse.io/anthropic/jobs/4963513008,Unknown,2025-10-24,active,7d2786b99dc8
Anthropic,"Product Manager, ResearchSan Francisco, CA | New York City, NY",Unknown,https://job-boards.greenhouse.io/anthropic/jobs/4933792008,Unknown,2025-10-10,active,956483109a93
Stripe,"Product Manager, Cards Vault","Product Manager, Cards",https://stripe.com/jobs/listing/product-manager-cards-vault/7306879,Unknown,2025-10-09,active,8351d1c8dce6
OpenAI,"Product Manager, Codex",San Francisco - OnSite,https://jobs.ashbyhq.com/openai/14adce00-7414-40cf-bec2-3871c289a54d,Unknown,2025-10-07,active,ec0757fe8c1f
Anthropic,"Product Manager, SafeguardsSan Francisco, CA",Unknown,https://job-boards.greenhouse.io/anthropic/jobs/4932942008,Unknown,2025-10-07,active,ce1aa4ecea1e
OpenAI,"Product Manager, ChatGPT Business Growth",San Francisco,https://jobs.ashbyhq.com/openai/7bb3bbd3-50fc-49a9-9b9c-43c1fa2ca05d,Unknown,2025-10-04,active,80e29e9cd4cb
Anthropic,"Product Manager, ResearchNewSan Francisco, CA | New York City, NY",Unknown,https://job-boards.greenhouse.io/anthropic/jobs/4933792008,Unknown,2025-10-04,active,26d0c3a4da27
OpenAI,"Product Manager, Multimodal",San Francisco,https://jobs.ashbyhq.com/openai/74159f39-cd9b-4f2b-bb21-c85914201fa7,Unknown,2025-10-03,active,3480bbd01606
Anthropic,"Lead Product Manager, ResearchSan Francisco, CA | New York City, NY",Unknown,https://job-boards.greenhouse.io/anthropic/jobs/4933813008,Unknown,2025-10-03,active,ef7249acd044
Anthropic,"Product Manager, APItags.newSan Francisco, CA | New York City, NY",Unknown,https://job-boards.greenhouse.io/anthropic/jobs/4936029008,Unknown,2025-10-03,active,4192a78d9b66
Anthropic,"Product Manager, Beneficial DeploymentsSan Francisco, CA | New York City, NY",Unknown,https://job-boards.greenhouse.io/anthropic/jobs/4933006008,Unknown,2025-10-03,active,a1baba61fb4c
Anthropic,"Product Manager, MobileSan Francisco, CA",Unknown,https://job-boards.greenhouse.io/anthropic/jobs/4933411008,Unknown,2025-10-03,active,a415a5ea12b6
Anthropic,"Product Manager, Researchtags.newSan Francisco, CA | New York City, NY",Unknown,https://job-boards.greenhouse.io/anthropic/jobs/4933792008,Unknown,2025-10-03,active,9f287fa8640b
Anthropic,"Product Manager, Safeguardstags.newSan Francisco, CA",Unknown,https://job-boards.greenhouse.io/anthropic/jobs/4932942008,Unknown,2025-10-03,active,3321df81a841
Vercel,Product Manager - PricingRemote - United StatesRead more,Remote,https://vercel.com/careers/product-manager-pricing-us-5548086004,Unknown,2025-10-02,active,ef410611f86c
Stripe,"Product Manager, Data Foundations","Product Manager, Data",https://stripe.com/jobs/listing/product-manager-data-foundations/7205742,Unknown,2025-10-01,active,423136cff712
Anthropic,"Product Manager, SafeguardsNewSan Francisco, CA",Unknown,https://job-boards.greenhouse.io/anthropic/jobs/4932942008,Unknown,2025-09-30,active,b9b2e04022d9
Vercel,"Product Manager - PricingHybrid - New York City, San FranciscoRead more","New York City, San",https://vercel.com/careers/product-manager-pricing-5548086004,Unknown,2025-09-27,active,c11b8154fba3
Anthropic,"Lead Product Manager, ResearchNewSan Francisco, CA | New York City, NY",Unknown,https://job-boards.greenhouse.io/anthropic/jobs/4933813008,Unknown,2025-09-26,active,d25b3ece891e
Anthropic,"Product Manager, Beneficial DeploymentsNewSan Francisco, CA | New York City, NY",Unknown,https://job-boards.greenhouse.io/anthropic/jobs/4933006008,Unknown,2025-09-26,active,d7b364b356e8
Anthropic,"Product Manager, MobileNewSan Francisco, CA",Unknown,https://job-boards.greenhouse.io/anthropic/jobs/4933411008,Unknown,2025-09-26,active,d7a7d6b8f03e
Anthropic,"Product Manager, Claude ExperiencesSan Francisco, CA",Unknown,https://job-boards.greenhouse.io/anthropic/jobs/4676859008,Unknown,2025-09-23,active,bd860c0b0cd3
Stripe,"Product Manager, Card Costs and Settlement","Product Manager, Card",https://stripe.com/jobs/listing/product-manager-card-costs-and-settlement/7176532,Unknown,2025-09-20,active,6c3117441437
Stripe,"Product Manager, Link Balance","Product Manager, Link",https://stripe.com/jobs/listing/product-manager-link-balance/7118153,Unknown,2025-09-20,active,456cff714508
OpenAI,"Product Manager, Education & Learning",San Francisco - OnSite,https://jobs.ashbyhq.com/openai/74ee2eac-9970-42c2-9e65-e89e858ad6c0,Unknown,2025-09-20,active,ecd3255dd1fe
Anthropic,"Product Manager, Claude Code (Platform)San Francisco, CA | Seattle, WA",Unknown,https://job-boards.greenhouse.io/anthropic/jobs/4858249008,Unknown,2025-09-18,active,56d0f00267c9
Anthropic,"Product Manager, APISan Francisco, CA | New York City, NY",Unknown,https://job-boards.greenhouse.io/anthropic/jobs/4914176008,Unknown,2025-09-16,active,3493081181db
OpenAI,"Enterprise Product Manager, Procure to Pay",San Francisco - Hybrid,https://jobs.ashbyhq.com/openai/6c5c16ff-41fb-4ab3-8ea2-96533cec17e4,Unknown,2025-09-11,active,d9977388b2b0
Stripe,"Product Manager, Risk API Solutions","Product Manager, Risk",https://stripe.com/jobs/listing/product-manager-risk-api-solutions/7238958,Unknown,2025-09-10,active,99f09e18ba85
Figma,"Product Manager, Scale","Product Manager, Scale",https://boards.greenhouse.io/figma/jobs/5641078004?gh_jid=5641078004,Unknown,2025-09-10,active,c9a4298aa6b1
Figma,"Early Career, Associate Product Manager (2026)","Early Career, Associate",https://boards.greenhouse.io/figma/jobs/5621649004?gh_jid=5621649004,Unknown,2025-09-09,active,900332d270e5
OpenAI,"Enterprise Product Manager, Order to Cash",San Francisco - Hybrid,https://jobs.ashbyhq.com/openai/5cff3a8c-2e3a-423d-a7a3-e985119f2e54,Unknown,2025-09-09,active,19f7b8f592b0
Anthropic,"Product Manager, APINewSan Francisco, CA | New York City, NY",Unknown,https://job-boards.greenhouse.io/anthropic/jobs/4914176008,Unknown,2025-09-09,active,881dacca0fb5
Stripe,"Founding Product Manager, Privy","Founding Product Manager, Privy",https://stripe.com/jobs/listing/founding-product-manager-privy/7091957,Unknown,2025-09-04,active,bd38f3379d8d
Stripe,"Product Manager, Cards","Product Manager, Cards",https://stripe.com/jobs/listing/product-manager-cards/7079857,Unknown,2025-09-04,active,950df09f76f8
Stripe,Product Manager,Remote/Unknown,https://stripe.com/jobs/listing/product-manager/6473321,Unknown,2025-09-02,active,948a96c2f46a
OpenAI,"Product Manager, Enterprise Identity",San Francisco,https://jobs.ashbyhq.com/openai/ae862edc-5a07-4d24-960d-1001ccedec3d,Unknown,2025-08-28,active,4616d73d890e
Stripe,"Product Manager, Payment Records Platform","Product Manager, Payment",https://stripe.com/jobs/listing/product-manager-payment-records-platform/7176530,Unknown,2025-08-26,active,e5c0dfd27845
Notion,"Product Manager, Growth","San Francisco, California",https://jobs.ashbyhq.com/notion/47ad2298-2976-4f9b-ad2d-c1046704fc18,Unknown,2025-08-24,active,d083558f21af
Figma,"Director, Product - Product Foundations","Director, Product",https://boards.greenhouse.io/figma/jobs/5585360004?gh_jid=5585360004,Unknown,2025-08-24,active,d022a910113e
Figma,"Product Manager, AI","Product Manager, AI",https://boards.greenhouse.io/figma/jobs/5574247004?gh_jid=5574247004,Unknown,2025-08-24,active,22b48ef419e1
Figma,"Product Manager, Creation Engine","Product Manager, Creation",https://boards.greenhouse.io/figma/jobs/5566296004?gh_jid=5566296004,Unknown,2025-08-24,active,0a2a78e1c127
Figma,"Product Manager, Data and AI Infrastructure","Product Manager, Data",https://boards.greenhouse.io/figma/jobs/5565136004?gh_jid=5565136004,Unknown,2025-08-24,active,52ae1741936f
Vercel,"Growth Product Manager LeadHybrid - New York City, San FranciscoRead more","New York City, San",https://vercel.com/careers/growth-product-manager-lead-5545514004,Unknown,2025-08-24,active,0de19b73f1c8
Vercel,"Head of Product MarketingHybrid - New York City, San FranciscoRead more","New York City, San",https://vercel.com/careers/head-of-product-marketing-5199830004,Unknown,2025-08-24,active,da0ae6ae9e0f
Vercel,"Product Manager - AccountsHybrid - New York City, San FranciscoRead more","New York City, San",https://vercel.com/careers/product-manager-accounts-5589398004,Unknown,2025-08-24,active,a841a24aa311
Vercel,"Product Manager - Agentic InfrastructureHybrid - New York City, San FranciscoRead more","New York City, San",https://vercel.com/careers/product-manager-agentic-infrastructure-5589448004,Unknown,2025-08-24,active,cb67ea1d0fff
Vercel,"Product Manager - AI SecurityHybrid - New York City, San FranciscoRead more","New York City, San",https://vercel.com/careers/product-manager-ai-security-5482193004,Unknown,2025-08-24,active,fccce164183c
Vercel,"Product Manager - CDNHybrid - New York City, San FranciscoRead more","New York City, San",https://vercel.com/careers/product-manager-cdn-5527913004,Unknown,2025-08-24,active,705d94545610
OpenAI,"Enterprise Product Manager, Core Financials",San Francisco - Hybrid,https://jobs.ashbyhq.com/openai/7c78e86a-3c69-45f6-8d4b-aa6a98bdc59c,Unknown,2025-08-24,active,d0f1381c3668
OpenAI,"Enterprise Product Manager, EPM & Consolidation Solutions",San Francisco - Hybrid,https://jobs.ashbyhq.com/openai/ac2e172b-faec-4111-b844-b0dc655b4cec,Unknown,2025-08-24,active,743f6b705bdc
OpenAI,"Product Manager, ChatGPT Growth",San Francisco,https://jobs.ashbyhq.com/openai/025c69d7-0963-4cf4-bf9f-2d923d22de8e,Unknown,2025-08-24,active,e3c83dd0ed6c
OpenAI,"Product Manager, Countries & Governments",San Francisco,https://jobs.ashbyhq.com/openai/928f546c-4a7a-46e8-8e5b-b5a866180ee7,Unknown,2025-08-24,active,8da0df09c578
OpenAI,"Product Manager, Scaled Abuse",San Francisco,https://jobs.ashbyhq.com/openai/7535a7c2-b775-4ef8-9f6a-ad0e5120cf9f,Unknown,2025-08-24,active,efbe6abcc502
OpenAI,"Product Manager, Search",San Francisco,https://jobs.ashbyhq.com/openai/11fa5262-0bbf-498e-ba90-f2d1e367e939,Unknown,2025-08-24,active,c9830e238f21
Anthropic,"Lead Product Manager, ResearchSan Francisco, CA | New York City, NY | Seattle, WA",Unknown,https://job-boards.greenhouse.io/anthropic/jobs/4684257008,Unknown,2025-08-24,active,5406d0c8c3e0
Anthropic,"Product Manager, API Platform ExperienceSan Francisco, CA | New York City, NY | Seattle, WA",Unknown,https://job-boards.greenhouse.io/anthropic/jobs/4747377008,Unknown,2025-08-24,active,c57819474a97
Anthropic,"Product Manager, B2B GrowthSan Francisco, CA | New York City, NY | Seattle, WA",Unknown,https://job-boards.greenhouse.io/anthropic/jobs/4887900008,Unknown,2025-08-24,active,2150ed5658f5
Anthropic,"Product Manager, Claude CapabilitiesSan Francisco, CA",Unknown,https://job-boards.greenhouse.io/anthropic/jobs/4676859008,Unknown,2025-08-24,active,110913b8354f
Anthropic,"Product Manager, Claude Code (Enterprise)San Francisco, CA | Seattle, WA",Unknown,https://job-boards.greenhouse.io/anthropic/jobs/4858247008,Unknown,2025-08-24,active,86a2665127f6
Anthropic,"Product Manager, Claude Code (SDK)San Francisco, CA | Seattle, WA",Unknown,https://job-boards.greenhouse.io/anthropic/jobs/4858249008,Unknown,2025-08-24,active,5bc029dc355f
Anthropic,"Product Manager, ResearchSan Francisco, CA | New York City, NY | Seattle, WA",Unknown,https://job-boards.greenhouse.io/anthropic/jobs/4807590008,Unknown,2025-08-24,active,7680c48c1bbc
Stripe,Founding Product Manager,Remote/Unknown,https://stripe.com/jobs/listing/founding-product-manager/7091957,Unknown,2025-08-24,active,7e3587b15b95
Stripe,"Product Manager, Connect","Product Manager, Connect",https://stripe.com/jobs/listing/product-manager-connect/7075436,Unknown,2025-08-24,active,4269eefc572a
Stripe,"Product Manager, Finance Systems","Product Manager, Finance",https://stripe.com/jobs/listing/product-manager-finance-systems/7075323,Unknown,2025-08-24,active,460460edc810
Stripe,"Product Manager, Fraud Signals and Assessments","Product Manager, Fraud",https://stripe.com/jobs/listing/product-manager-fraud-signals-and-assessments/6360888,Unknown,2025-08-24,active,29f8feb1955b
Stripe,"Product Manager, Link - Local Payment Methods","Product Manager, Link",https://stripe.com/jobs/listing/product-manager-link-local-payment-methods/7091859,Unknown,2025-08-24,active,b7efd55708b4
Stripe,"Product Manager, Local Payment Methods","Product Manager, Local",https://stripe.com/jobs/listing/product-manager-local-payment-methods/7187035,Unknown,2025-08-24,active,244fc110ae01
Stripe,"Product Manager, Onboarding","Product Manager, Onboarding",https://stripe.com/jobs/listing/product-manager-onboarding/6992777,Unknown,2025-08-24,active,e7692c33c426
Stripe,"Product Manager, Partner Products","Product Manager, Partner",https://stripe.com/jobs/listing/product-manager-partner-products/7070490,Unknown,2025-08-24,active,89a5452ed2dc
Stripe,"Product Manager, Risk","Product Manager, Risk",https://stripe.com/jobs/listing/product-manager-risk/6567643,Unknown,2025-08-24,active,340a449870c6
Stripe,"Product Manager, Risk and Compliance Platform","Product Manager, Risk",https://stripe.com/jobs/listing/product-manager-risk-and-compliance-platform/5262228,Unknown,2025-08-24,active,38a86ef54109
Stripe,"Product Manager, Seller Systems","Product Manager, Seller",https://stripe.com/jobs/listing/product-manager-seller-systems/6964987,Unknown,2025-08-24,active,2a41a3cb22ae
Stripe,"Product Manager, Treasury Financial Accounts","Product Manager, Treasury",https://stripe.com/jobs/listing/product-manager-treasury-financial-accounts/7104416,Unknown,2025-08-24,active,45f8abdbad06
Stripe,"Product Manager, Usage Based Billing","Product Manager, Usage",https://stripe.com/jobs/listing/product-manager-usage-based-billing/7015087,Unknown,2025-08-24,active,4152b15255cf
Notion,"Product Manager, GrowthSan Francisco, California","San Francisco, California",https://jobs.ashbyhq.com/notion/47ad2298-2976-4f9b-ad2d-c1046704fc18,Unknown,2025-08-24,active,cac2eda5c7e9
